id,county_code,county_name,constituency_name,constituencies_wards
1,1,Mombasa,Changamwe,Port Reitz
2,1,Mombasa,Changamwe,Kipevu
3,1,Mombasa,Changamwe,Airport
4,1,Mombasa,Changamwe,Miritini
5,1,Mombasa,Changamwe,Chaani
6,1,Mombasa,Jomvu,Jomvu Kuu
7,1,Mombasa,Jomvu,Magongo
8,1,Mombasa,Jomvu,Mikindani
9,1,Mombasa,Kisauni,Mjambere
10,1,Mombasa,Kisauni,Junda
11,1,Mombasa,Kisauni,Bamburi
12,1,Mombasa,Kisauni,Mwakirunge
13,1,Mombasa,Kisauni,Mtopanga
14,1,Mombasa,Kisauni,Magogoni
15,1,Mombasa,Kisauni,Shanzu
16,1,Mombasa,Likoni,Mtongwe
17,1,Mombasa,Likoni,Shika adabu
18,1,Mombasa,Likoni,Bofu
19,1,Mombasa,Likoni,Likoni
20,1,Mombasa,Likoni,Timbwani
21,1,Mombasa,Mvita,Mji wa Kale/Makadara
22,1,Mombasa,Mvita,Tudor
23,1,Mombasa,Mvita,Tononoka
24,1,Mombasa,Mvita,Ganjoni/Shimanzi
25,1,Mombasa,Mvita,Majengo
26,1,Mombasa,Nyali,Frere Town
27,1,Mombasa,Nyali,Ziwa la Ng’ombe
28,1,Mombasa,Nyali,Mkomani
29,1,Mombasa,Nyali,Kongowea
30,1,Mombasa,Nyali,Ziwani/Kadzandani
31,2,Kwale,Kinango,Ndavaya
32,2,Kwale,Kinango,Puma
33,2,Kwale,Kinango,Kinango
34,2,Kwale,Kinango,Chengoni/Samburu
35,2,Kwale,Kinango,Mackinon Road
36,2,Kwale,Kinango,Mwavumbo
37,2,Kwale,Kinango,Kasemeni
38,2,Kwale,Lunga Lunga,Pongwe/Kikoneni
39,2,Kwale,Lunga Lunga,Dzombo
40,2,Kwale,Lunga Lunga,Vanga
41,2,Kwale,Lunga Lunga,Mwereni
42,2,Kwale,Msambweni,Gombato Bongwe
43,2,Kwale,Msambweni,Ukunda
44,2,Kwale,Msambweni,Kinondo
45,2,Kwale,Msambweni,Ramisi
46,2,Kwale,Matuga,Tsimba Golini
47,2,Kwale,Matuga,Waa
48,2,Kwale,Matuga,Tiwi
49,2,Kwale,Matuga,Kubo South
50,2,Kwale,Matuga,Mkongani
51,3,Kilifi,Kilifi North,Tezo
52,3,Kilifi,Kilifi North,Sokoni
53,3,Kilifi,Kilifi North,Kibarani
54,3,Kilifi,Kilifi North,Dabaso
55,3,Kilifi,Kilifi North,Matsangoni
56,3,Kilifi,Kilifi North,Watamu
57,3,Kilifi,Kilifi North,Mnarani
58,3,Kilifi,Kilifi South,Junju
59,3,Kilifi,Kilifi South,Mwarakaya
60,3,Kilifi,Kilifi South,Shimo la Tewa
61,3,Kilifi,Kilifi South,Chasimba
62,3,Kilifi,Kilifi South,Mtepeni
63,3,Kilifi,Kaloleni,Mariakani
64,3,Kilifi,Kaloleni,Kayafungo
65,3,Kilifi,Kaloleni,Kaloleni
66,3,Kilifi,Kaloleni,Mwanamwinga
67,3,Kilifi,Ganze,Dungicha
68,3,Kilifi,Ganze,Bamba
69,3,Kilifi,Ganze,Jaribuni
70,3,Kilifi,Ganze,Sokoke
71,3,Kilifi,Magarini,Maarafa
72,3,Kilifi,Magarini,Magarini
73,3,Kilifi,Magarini,Gongoni
74,3,Kilifi,Magarini,Adu
75,3,Kilifi,Magarini,Garashi
76,3,Kilifi,Magarini,Sabaki
77,3,Kilifi,Rabai,Mwawesa
78,3,Kilifi,Rabai,Ruruma
79,3,Kilifi,Rabai,Jibana
80,3,Kilifi,Rabai,Rabai/Kisurutuni
81,3,Kilifi,Malindi,Jilore
82,3,Kilifi,Malindi,Kakuyuni
83,3,Kilifi,Malindi,Ganda
84,3,Kilifi,Malindi,Malindi Town
85,3,Kilifi,Malindi,Shella
86,4,Tana River,Garsen,Garsen Central
87,4,Tana River,Garsen,Garsen East
88,4,Tana River,Garsen,Garsen North
89,4,Tana River,Garsen,Garsen South
90,4,Tana River,Garsen,Kipini East
91,4,Tana River,Garsen,Kipini West
92,4,Tana River,Galole,Kinakomba
93,4,Tana River,Galole,Mikinduni
94,4,Tana River,Galole,Chewani
95,4,Tana River,Galole,Wayu
96,4,Tana River,Bura,Chewele
97,4,Tana River,Bura,Hirimani
98,4,Tana River,Bura,Bangale
99,4,Tana River,Bura,Madogo
100,4,Tana River,Bura,Sala
101,5,Lamu,Lamu East,Faza
102,5,Lamu,Lamu East,Kiunga
103,5,Lamu,Lamu East,Basuba
104,5,Lamu,Lamu West,Shella
105,5,Lamu,Lamu West,Mkomani
106,5,Lamu,Lamu West,Hindi
107,5,Lamu,Lamu West,Mkunumbi
108,5,Lamu,Lamu West,Hongwe
109,5,Lamu,Lamu West,Witu
110,5,Lamu,Lamu West,Bahari
111,6,Taita-Taveta,Taveta,Chala
112,6,Taita-Taveta,Taveta,Mahoo
113,6,Taita-Taveta,Taveta,Bomani
114,6,Taita-Taveta,Taveta,Mboghoni
115,6,Taita-Taveta,Taveta,Mata
116,6,Taita-Taveta,Wundanyi,Wundanyi/Mbale
117,6,Taita-Taveta,Wundanyi,Werugha
118,6,Taita-Taveta,Wundanyi,Wumingu/Kishushe
119,6,Taita-Taveta,Wundanyi,Mwanda/Mgange
120,6,Taita-Taveta,Mwatate,Ronge
121,6,Taita-Taveta,Mwatate,Mwatate
122,6,Taita-Taveta,Mwatate,Bura
123,6,Taita-Taveta,Mwatate,Chawia
124,6,Taita-Taveta,Mwatate,Wusi/Kishamba
125,6,Taita-Taveta,Voi,Mbololo
126,6,Taita-Taveta,Voi,Kaloleni
127,6,Taita-Taveta,Voi,Sagala
128,6,Taita-Taveta,Voi,Marungu
129,6,Taita-Taveta,Voi,Kaigau
130,6,Taita-Taveta,Voi,Ngolia
131,7,Garissa,Dujis,Waberi
132,7,Garissa,Dujis,Galbet
133,7,Garissa,Dujis,Township
134,7,Garissa,Dujis,Iftin
135,7,Garissa,Balambala,Balambala
136,7,Garissa,Balambala,Danyere
137,7,Garissa,Balambala,Jarajara
138,7,Garissa,Balambala,Saka
139,7,Garissa,Balambala,Sankuri
140,7,Garissa,Dadaab,Dertu
141,7,Garissa,Dadaab,Dadaab
142,7,Garissa,Dadaab,Labasigale
143,7,Garissa,Dadaab,Damajale
144,7,Garissa,Dadaab,Liboi
145,7,Garissa,Dadaab,Abakaile
146,7,Garissa,Fafi,Bura
147,7,Garissa,Fafi,Dekaharia
148,7,Garissa,Fafi,Jarajila
149,7,Garissa,Fafi,Fafi
150,7,Garissa,Fafi,Nanighi
151,7,Garissa,Ijara,Hulugho
152,7,Garissa,Ijara,Sangailu
153,7,Garissa,Ijara,Ijara
154,7,Garissa,Ijara,Masalani
155,7,Garissa,Lagdera,Modogashe
156,7,Garissa,Lagdera,Bename
157,7,Garissa,Lagdera,Goreale
158,7,Garissa,Lagdera,Maalamin
159,7,Garissa,Lagdera,Sabena
160,7,Garissa,Lagdera,Baraki
161,8,Wajir,Wajir East,Wagbri
162,8,Wajir,Wajir East,Township
163,8,Wajir,Wajir East,Barwago
164,8,Wajir,Wajir East,Khorof/Harar
165,8,Wajir,Wajir North,Gurar
166,8,Wajir,Wajir North,Bute
167,8,Wajir,Wajir North,Korondile
168,8,Wajir,Wajir North,Malkagufu
169,8,Wajir,Wajir North,Batalu
170,8,Wajir,Wajir North,Danaba
171,8,Wajir,Wajir North,Godoma
172,8,Wajir,Wajir South,Benane
173,8,Wajir,Wajir South,Burder
174,8,Wajir,Wajir South,Dadaja Bulla
175,8,Wajir,Wajir South,Habaswein
176,8,Wajir,Wajir South,Lagboghol South
177,8,Wajir,Wajir South,Ibrahim Ure
178,8,Wajir,Wajir West,Arbajahan
179,8,Wajir,Wajir West,Hadado/Athibohol
180,8,Wajir,Wajir West,Ademasajide
181,8,Wajir,Wajir West,Ganyure
182,8,Wajir,Wajir West,Wagalla
183,8,Wajir,Tarbaj,Elben
184,8,Wajir,Tarbaj,Sarman
185,8,Wajir,Tarbaj,Tarbaj
186,8,Wajir,Tarbaj,Wargadud
187,8,Wajir,Eldas,Eldas
188,8,Wajir,Eldas,Della
189,8,Wajir,Eldas,Lakoley South/Basir
190,8,Wajir,Eldas,Elnur/Tula Tula
191,9,Mandera,Mandera West,Takaba South
192,9,Mandera,Mandera West,Takaba
193,9,Mandera,Mandera West,Lagsure
194,9,Mandera,Mandera West,Dandu
195,9,Mandera,Mandera West,Gither
196,9,Mandera,Banissa,Banissa
197,9,Mandera,Banissa,Derkhale
198,9,Mandera,Banissa,Guba
199,9,Mandera,Banissa,Malkamari
200,9,Mandera,Banissa,Kiliwehiri
201,9,Mandera,mandera North,Ashabito
202,9,Mandera,mandera North,Guticha
203,9,Mandera,mandera North,Marothile
204,9,Mandera,mandera North,Rhamu
205,9,Mandera,mandera North,Rhamu Dimtu
206,9,Mandera,mandera South,Wargadud
207,9,Mandera,mandera South,Kutulo
208,9,Mandera,mandera South,Elwak South
209,9,Mandera,mandera South,Elwak North
210,9,Mandera,mandera South,Shimbir Fatuma
211,9,Mandera,mandera East,Arabia
212,9,Mandera,mandera East,Libehia
213,9,Mandera,mandera East,Khalalio
214,9,Mandera,mandera East,Neboi
215,9,Mandera,mandera East,Township
216,9,Mandera,Lafey,Sala
217,9,Mandera,Lafey,Fino
218,9,Mandera,Lafey,Lafey
219,9,Mandera,Lafey,Warangara
220,9,Mandera,Lafey,Alungo
221,10,Marsabit,Laisamis,Loiyangalani
222,10,Marsabit,Laisamis,Kargi/South Horr
223,10,Marsabit,Laisamis,Korr/Ngurunit
224,10,Marsabit,Laisamis,Logo Logo
225,10,Marsabit,Laisamis,Laisamis
226,10,Marsabit,North Horr,Dukana
227,10,Marsabit,North Horr,Maikona
228,10,Marsabit,North Horr,Turbi
229,10,Marsabit,North Horr,North Horr
230,10,Marsabit,North Horr,Illeret
231,10,Marsabit,Saku,Sagate/Jaldesa
232,10,Marsabit,Saku,Karare
233,10,Marsabit,Saku,Marsabit Central
234,10,Marsabit,Moyale,Butiye
235,10,Marsabit,Moyale,Sololo
236,10,Marsabit,Moyale,Heillu/Manyatta
237,10,Marsabit,Moyale,Golbo
238,10,Marsabit,Moyale,Moyale Township
239,10,Marsabit,Moyale,Uran
240,10,Marsabit,Moyale,Obbu
241,11,Isiolo,Isiolo North,Wabera
242,11,Isiolo,Isiolo North,Bulla Pesa
243,11,Isiolo,Isiolo North,Chari
244,11,Isiolo,Isiolo North,Cherab
245,11,Isiolo,Isiolo North,Ngare Mara
246,11,Isiolo,Isiolo North,Burat
247,11,Isiolo,Isiolo North,Oldo/Nyiro
248,11,Isiolo,Isiolo South,Garba Tulla
249,11,Isiolo,Isiolo South,Kina
250,11,Isiolo,Isiolo South,Sericho
251,12,Meru,Buuri,Timau
252,12,Meru,Buuri,Kisima
253,12,Meru,Buuri,Kiirua/Naari
254,12,Meru,Buuri,Ruiri/Rwarera
255,12,Meru,Central Imenti,Mwanganthia
256,12,Meru,Central Imenti,Abothuguchi Central
257,12,Meru,Central Imenti,Abothuguchi West
258,12,Meru,Central Imenti,Kiagu
259,12,Meru,Central Imenti,Kibirichia
260,12,Meru,Igembe Central,Akirang’ondu
261,12,Meru,Igembe Central,Athiru
262,12,Meru,Igembe Central,Ruujine
263,12,Meru,Igembe Central,Igembe East Njia
264,12,Meru,Igembe Central,Kangeta
265,12,Meru,Igembe South,Maua
266,12,Meru,Igembe South,Kegoi/Antubochiu
267,12,Meru,Igembe South,Athiru
268,12,Meru,Igembe South,Gaiti
269,12,Meru,Igembe South,Akachiu
270,12,Meru,Igembe South,Kanuni
271,12,Meru,Igembe North,Antuambui
272,12,Meru,Igembe North,Ntunene
273,12,Meru,Igembe North,Antubetwe Kiongo
274,12,Meru,Igembe North,Naathui
275,12,Meru,Igembe North,Amwathi
276,12,Meru,Tigania West,Athwana
277,12,Meru,Tigania West,Akithi
278,12,Meru,Tigania West,Kianjai
279,12,Meru,Tigania West,Nkomo
280,12,Meru,Tigania West,Mbeu
281,12,Meru,Tigania East,Thangatha
282,12,Meru,Tigania East,Mikinduri
283,12,Meru,Tigania East,Kiguchwa
284,12,Meru,Tigania East,Mithara
285,12,Meru,Tigania East,Karama
286,12,Meru,Imenti North,Municipality
287,12,Meru,Imenti North,Ntima East
288,12,Meru,Imenti North,Ntima West
289,12,Meru,Imenti North,Nyaki West
290,12,Meru,Imenti North,Nyaki East
291,12,Meru,Imenti South,Mitunguu
292,12,Meru,Imenti South,Igoji East
293,12,Meru,Imenti South,Igoji West
294,12,Meru,Imenti South,Abogeta East
295,12,Meru,Imenti South,Abogeta West
296,12,Meru,Imenti South,Nkuene
297,13,Tharaka Nithi,Tharaka,Gatunga
298,13,Tharaka Nithi,Tharaka,Mukothima
299,13,Tharaka Nithi,Tharaka,Nkondi
300,13,Tharaka Nithi,Tharaka,Chiakariga
301,13,Tharaka Nithi,Tharaka,Marimanti
302,13,Tharaka Nithi,Chuka/Igambang’ombe,Mariani
303,13,Tharaka Nithi,Chuka/Igambang’ombe,Karingani
304,13,Tharaka Nithi,Chuka/Igambang’ombe,Magumoni
305,13,Tharaka Nithi,Chuka/Igambang’ombe,Mugwe
306,13,Tharaka Nithi,Chuka/Igambang’ombe,Igambang’ombe
307,13,Tharaka Nithi,Maara,Mitheru
308,13,Tharaka Nithi,Maara,Muthambi
309,13,Tharaka Nithi,Maara,Mwimbi
310,13,Tharaka Nithi,Maara,Ganga
311,13,Tharaka Nithi,Maara,Chogoria
312,14,Embu,Manyatta,Ruguru/Ngandori
313,14,Embu,Manyatta,Kithimu
314,14,Embu,Manyatta,Nginda
315,14,Embu,Manyatta,Mbeti North
316,14,Embu,Manyatta,Kirimari
317,14,Embu,Manyatta,Gaturi South
318,14,Embu,Runyenjes,Gaturi North
319,14,Embu,Runyenjes,Kagaari South
320,14,Embu,Runyenjes,Kagaari North
321,14,Embu,Runyenjes,Central Ward
322,14,Embu,Runyenjes,Kyeni North
323,14,Embu,Runyenjes,Kyeni South
324,14,Embu,Mbeere North,Nthawa
325,14,Embu,Mbeere North,Muminji
326,14,Embu,Mbeere North,Evurore
327,14,Embu,Mbeere South,Mwea
328,14,Embu,Mbeere South,Amakim
329,14,Embu,Mbeere South,Mbeti South
330,14,Embu,Mbeere South,Mavuria
331,14,Embu,Mbeere South,Kiambere
332,15,Kitui,Kitui West,Mutonguni
333,15,Kitui,Kitui West,Kauwi
334,15,Kitui,Kitui West,Matinyani
335,15,Kitui,Kitui West,Kwa Mutonga/Kithum Ula
336,15,Kitui,Kitui Central,Miambani
337,15,Kitui,Kitui Central,Township Kyangwithya West
338,15,Kitui,Kitui Central,Mulango
339,15,Kitui,Kitui Central,Kyangwithya East
340,15,Kitui,Kitui Rural,Kisasi
341,15,Kitui,Kitui Rural,Mbitini
342,15,Kitui,Kitui Rural,Kwavonza/Yatta
343,15,Kitui,Kitui Rural,Kanyangi
344,15,Kitui,Kitui South,Ikana/Kyantune
345,15,Kitui,Kitui South,Mutomo
346,15,Kitui,Kitui South,Mutha
347,15,Kitui,Kitui South,Ikutha
348,15,Kitui,Kitui South,Kanziko
349,15,Kitui,Kitui South,Athi
350,15,Kitui,Kitui East,Zombe/Mwitika
351,15,Kitui,Kitui East,Nzambani
352,15,Kitui,Kitui East,Chuluni
353,15,Kitui,Kitui East,Voo/Kyamatu
354,15,Kitui,Kitui East,Endau/Malalani
355,15,Kitui,Kitui East,Mutito/Kaliku
356,15,Kitui,Mwingi North,Ngomeni
357,15,Kitui,Mwingi North,Kyuso
358,15,Kitui,Mwingi North,Mumoni
359,15,Kitui,Mwingi North,Tseikuru
360,15,Kitui,Mwingi North,Tharaka
361,15,Kitui,Mwingi West,Kyome/Thaana
362,15,Kitui,Mwingi West,Nguutani
363,15,Kitui,Mwingi West,Migwani
364,15,Kitui,Mwingi West,Kiomo/Kyethani
365,15,Kitui,Mwingi Central,Central
366,15,Kitui,Mwingi Central,Kivou
367,15,Kitui,Mwingi Central,Nguni
368,15,Kitui,Mwingi Central,Mui
369,15,Kitui,Mwingi Central,Waita
370,16,Machakos,Masinga,Kivaa
371,16,Machakos,Masinga,Masinga
372,16,Machakos,Masinga,Central
373,16,Machakos,Masinga,Ekalakala
374,16,Machakos,Masinga,Muthesya
375,16,Machakos,Masinga,Ndithini
376,16,Machakos,Yatta,Ndalani
377,16,Machakos,Yatta,Matuu
378,16,Machakos,Yatta,Kithimani
379,16,Machakos,Yatta,Ikomba
380,16,Machakos,Yatta,Katangi
381,16,Machakos,Matungulu,Tala
382,16,Machakos,Matungulu,Matungulu North
383,16,Machakos,Matungulu,Matungulu East
384,16,Machakos,Matungulu,Matungulu West
385,16,Machakos,Matungulu,Kyeleni
386,16,Machakos,Kangundo,Kangundo North
387,16,Machakos,Kangundo,Kangundo Central
388,16,Machakos,Kangundo,Kangundo East
389,16,Machakos,Kangundo,Kangundo West
390,16,Machakos,Mwala,Mbiuni
391,16,Machakos,Mwala,Makutano/Mwala
392,16,Machakos,Mwala,Masii
393,16,Machakos,Mwala,Muthetheni
394,16,Machakos,Mwala,Wamunyu
395,16,Machakos,Mwala,Kibauni
396,16,Machakos,Kathiani,Mitaboni
397,16,Machakos,Kathiani,Kathiani Central
398,16,Machakos,Kathiani,Upper Kaewa/Iveti
399,16,Machakos,Kathiani,Lower Kaewa/Kaani
400,16,Machakos,Machakos Town,Kalama
401,16,Machakos,Machakos Town,Mua
402,16,Machakos,Machakos Town,Mutitini
403,16,Machakos,Machakos Town,Machakos Central
404,16,Machakos,Machakos Town,Mumbuni North
405,16,Machakos,Machakos Town,Muvuti/Kiima-Kimwe
406,16,Machakos,Machakos Town,Kola
407,16,Machakos,Mavoko,Athi River
408,16,Machakos,Mavoko,Kinanie
409,16,Machakos,Mavoko,Muthwani
410,16,Machakos,Mavoko,Syokimau/Mulolongo
411,17,Makueni,Mbooni,Tulimani
412,17,Makueni,Mbooni,Mbooni
413,17,Makueni,Mbooni,Kithungo/Kitundu
414,17,Makueni,Mbooni,Kiteta/Kisau
415,17,Makueni,Mbooni,Waia-Kako
416,17,Makueni,Mbooni,Kalawa
417,17,Makueni,Kaiti,Ukia
418,17,Makueni,Kaiti,Kee
419,17,Makueni,Kaiti,Kilungu
420,17,Makueni,Kaiti,Ilima
421,17,Makueni,Makueni,Wote
422,17,Makueni,Makueni,Muvau/Kikuumini
423,17,Makueni,Makueni,Mavindini
424,17,Makueni,Makueni,Kitise/Kithuki
425,17,Makueni,Makueni,Kathonzweni
426,17,Makueni,Makueni,Nzau/Kilili/Kalamba
427,17,Makueni,Makueni,Mbitini
428,17,Makueni,Kilome,Kasikeu
429,17,Makueni,Kilome,Mukaa
430,17,Makueni,Kilome,Kiima Kiu/Kalanzoni
431,17,Makueni,Kibwezi East,Masongaleni
432,17,Makueni,Kibwezi East,Mtito Andei
433,17,Makueni,Kibwezi East,Thange
434,17,Makueni,Kibwezi East,Ivingoni/Nzambani
435,17,Makueni,Kibwezi West,Makindu
436,17,Makueni,Kibwezi West,Nguumo
437,17,Makueni,Kibwezi West,Kikumbulyu North
438,17,Makueni,Kibwezi West,Kimumbulyu South
439,17,Makueni,Kibwezi West,Nguu/Masumba
440,17,Makueni,Kibwezi West,Emali/Mulala
441,18,Nyandarua,Kinangop,Engineer
442,18,Nyandarua,Kinangop,Gathara
443,18,Nyandarua,Kinangop,North Kinangop
444,18,Nyandarua,Kinangop,Murungaru
445,18,Nyandarua,Kinangop,Njabini/Kiburu
446,18,Nyandarua,Kinangop,Nyakio
447,18,Nyandarua,Kinangop,Githabai
448,18,Nyandarua,Kinangop,Magumu
449,18,Nyandarua,Kipipiri,Wanjohi
450,18,Nyandarua,Kipipiri,Kipipiri
451,18,Nyandarua,Kipipiri,Geta
452,18,Nyandarua,Kipipiri,Githioro
453,18,Nyandarua,Ol Joro Orok,Gathanji
454,18,Nyandarua,Ol Joro Orok,Gatima
455,18,Nyandarua,Ol Joro Orok,Weru
456,18,Nyandarua,Ol Joro Orok,Charagita
457,18,Nyandarua,Ndaragwa,Leshau/Pondo
458,18,Nyandarua,Ndaragwa,Kiriita
459,18,Nyandarua,Ndaragwa,Central
460,18,Nyandarua,Ndaragwa,Shamata
461,18,Nyandarua,Ol Kalou,Karau
462,18,Nyandarua,Ol Kalou,Kanjuiri Range
463,18,Nyandarua,Ol Kalou,Mirangine
464,18,Nyandarua,Ol Kalou,Kaimbaga
465,18,Nyandarua,Ol Kalou,Rurii
466,19,Nyeri,Mathira,Ruguru
467,19,Nyeri,Mathira,Magutu
468,19,Nyeri,Mathira,Iriani
469,19,Nyeri,Mathira,Konyu
470,19,Nyeri,Mathira,Kirimukuyu
471,19,Nyeri,Mathira,Karatina Town
472,19,Nyeri,Othaya,Mahiga
473,19,Nyeri,Othaya,Iria-Ini
474,19,Nyeri,Othaya,Chinga
475,19,Nyeri,Othaya,Karima
476,19,Nyeri,Tetu,Dedan Kimathi
477,19,Nyeri,Tetu,Wamagana
478,19,Nyeri,Tetu,Aguthi-Gaaki
479,19,Nyeri,Mukurweini,Gikondi
480,19,Nyeri,Mukurweini,Rugi
481,19,Nyeri,Mukurweini,Mukurwe-Ini West
482,19,Nyeri,Mukurweini,Mukurwe-Ini Central
483,19,Nyeri,Tetu,Dedan Kimathi
484,19,Nyeri,Tetu,Wamagana
485,19,Nyeri,Tetu,Aguthi-Gaaki
486,19,Nyeri,Nyeri Town,Kiganjo/Mathari
487,19,Nyeri,Nyeri Town,Rware
488,19,Nyeri,Nyeri Town,Gatitu/Muruguru
489,19,Nyeri,Nyeri Town,Ruring’u
490,19,Nyeri,Nyeri Town,Kamakwa/Mukaro
491,19,Nyeri,Kieni,Mweiga
492,19,Nyeri,Kieni,Naromoro Kiamthaga
493,19,Nyeri,Kieni,Mwiyogo/Endara Sha
494,19,Nyeri,Kieni,Mugunda
495,19,Nyeri,Kieni,Gatarakwa
496,19,Nyeri,Kieni,Thegu River
497,19,Nyeri,Kieni,Kabaru
498,19,Nyeri,Kieni,Gakawa
499,20,Kirinyaga,Kirinyaga Central,Mutira
500,20,Kirinyaga,Kirinyaga Central,Kanyekini
501,20,Kirinyaga,Kirinyaga Central,Kerugoya
502,20,Kirinyaga,Kirinyaga Central,Inoi
503,20,Kirinyaga,Mwea,Mutithi
504,20,Kirinyaga,Mwea,Kangai
505,20,Kirinyaga,Mwea,Wamumu
506,20,Kirinyaga,Mwea,Nyangati
507,20,Kirinyaga,Mwea,Murindiko
508,20,Kirinyaga,Mwea,Gathigiriri
509,20,Kirinyaga,Mwea,Teberer
510,20,Kirinyaga,Mwea,Thiba
511,20,Kirinyaga,Gichugu,Kabare Baragwi
512,20,Kirinyaga,Gichugu,Njukiini
513,20,Kirinyaga,Gichugu,Ngariama
514,20,Kirinyaga,Gichugu,Karumandi
515,20,Kirinyaga,Ndia,Mukure
516,20,Kirinyaga,Ndia,Kiine
517,20,Kirinyaga,Ndia,Kariti
518,21,Murang’a,Gatanga,Ithanga
519,21,Murang’a,Gatanga,Kakuzi/Mitubiri
520,21,Murang’a,Gatanga,Mugumo-Ini
521,21,Murang’a,Gatanga,Kihumbu-Ini
522,21,Murang’a,Gatanga,Gatanga
523,21,Murang’a,Gatanga,Kariara
524,21,Murang’a,Kandara,Ng’ararii
525,21,Murang’a,Kandara,Muruka
526,21,Murang’a,Kandara,Kangundu-Ini
527,21,Murang’a,Kandara,Gaichanjiru
528,21,Murang’a,Kandara,Ithiru
529,21,Murang’a,Kandara,Ruchu
530,21,Murang’a,Kigumo,Kahumbu
531,21,Murang’a,Kigumo,Muthithi
532,21,Murang’a,Kigumo,Kigumo
533,21,Murang’a,Kigumo,Kangari
534,21,Murang’a,Kigumo,Kinyona
535,21,Murang’a,Mathioya,Gituhi
536,21,Murang’a,Mathioya,Kiru
537,21,Murang’a,Mathioya,Kamacharia
538,21,Murang’a,Kiharu,Wangu
539,21,Murang’a,Kiharu,Mugoiri
540,21,Murang’a,Kiharu,Mbiri
541,21,Murang’a,Kiharu,Township
542,21,Murang’a,Kiharu,Murarandia
543,21,Murang’a,Kiharu,Gaturi
544,21,Murang’a,Kangema,Kanyenya-Ini
545,21,Murang’a,Kangema,Muguru
546,21,Murang’a,Kangema,Rwathia
547,21,Murang’a,Maragwa,Kimorori/Wempa
548,21,Murang’a,Maragwa,Makuyu
549,21,Murang’a,Maragwa,Kambiti
550,21,Murang’a,Maragwa,Kamahuha
551,21,Murang’a,Maragwa,Ichagaki
552,21,Murang’a,Maragwa,Nginda
553,22,Kiambu,Gatundu North,Gituamba
554,22,Kiambu,Gatundu North,Githobokoni
555,22,Kiambu,Gatundu North,Chania
556,22,Kiambu,Gatundu North,Mang’u
557,22,Kiambu,Gatundu South,Kiamwangi
558,22,Kiambu,Gatundu South,Kiganjo
559,22,Kiambu,Gatundu South,Ndarugu
560,22,Kiambu,Gatundu South,Ngenda
561,22,Kiambu,Githunguri,Githunguri
562,22,Kiambu,Githunguri,Githiga
563,22,Kiambu,Githunguri,Ikinu
564,22,Kiambu,Githunguri,Ngewa
565,22,Kiambu,Githunguri,Komothai
566,22,Kiambu,Juja,Murera
567,22,Kiambu,Juja,Theta
568,22,Kiambu,Juja,Juja
569,22,Kiambu,Juja,Witeithie
570,22,Kiambu,Juja,Kalimoni
571,22,Kiambu,Kabete,Gitaru
572,22,Kiambu,Kabete,Muguga
573,22,Kiambu,Kabete,Nyathuna
574,22,Kiambu,Kabete,Kabete
575,22,Kiambu,Kabete,Uthiru
576,22,Kiambu,Kiambaa,Cianda
577,22,Kiambu,Kiambaa,Karuiri
578,22,Kiambu,Kiambaa,Ndenderu
579,22,Kiambu,Kiambaa,Muchatha
580,22,Kiambu,Kiambaa,Kihara
581,22,Kiambu,Kiambu,Ting’gang’a
582,22,Kiambu,Kiambu,Ndumberi
583,22,Kiambu,Kiambu,Riabai
584,22,Kiambu,Kiambu,Township
585,22,Kiambu,Limuru,Bibirioni
586,22,Kiambu,Limuru,Limuru Central
587,22,Kiambu,Limuru,Ndeiya
588,22,Kiambu,Limuru,Limuru East
589,22,Kiambu,Limuru,Ngecha Tigoni
590,22,Kiambu,Kikuyu,Karai
591,22,Kiambu,Kikuyu,Nachu
592,22,Kiambu,Kikuyu,Sigona
593,22,Kiambu,Kikuyu,Kikuyu
594,22,Kiambu,Kikuyu,Kinoo
595,22,Kiambu,Lari,Kijabe
596,22,Kiambu,Lari,Nyanduma
597,22,Kiambu,Lari,Kamburu
598,22,Kiambu,Lari,Lari/Kirenga
599,22,Kiambu,Ruiru,Gitothua
600,22,Kiambu,Ruiru,Biashara
601,22,Kiambu,Ruiru,Gatongora
602,22,Kiambu,Ruiru,Kahawa Sukari
603,22,Kiambu,Ruiru,Kahawa Wendani
604,22,Kiambu,Ruiru,Kiuu
605,22,Kiambu,Ruiru,Mwiki
606,22,Kiambu,Ruiru,Mwihoko
607,22,Kiambu,Thika Town,Township
608,22,Kiambu,Thika Town,Kamenu
609,22,Kiambu,Thika Town,Hospital
610,22,Kiambu,Thika Town,Gatuanyaga
611,22,Kiambu,Thika Town,Ngoliba
612,23,Turkana,Turkana Central,Kerio Delta
613,23,Turkana,Turkana Central,Kang’atotha
614,23,Turkana,Turkana Central,Kalokol
615,23,Turkana,Turkana Central,Lodwar Township
616,23,Turkana,Turkana Central,Kanamkemer
617,23,Turkana,Turkana East,Kapedo/Napeito
618,23,Turkana,Turkana East,Katilia
619,23,Turkana,Turkana East,Lokori/Kochodin
620,23,Turkana,Turkana North,Kaeris
621,23,Turkana,Turkana North,Lake zone
622,23,Turkana,Turkana North,Lapur
623,23,Turkana,Turkana North,Kaaleng/kaikor
624,23,Turkana,Turkana North,Kibish
625,23,Turkana,Turkana North,Nakalale
626,23,Turkana,Turkana South,Kaputir
627,23,Turkana,Turkana South,Katilu
628,23,Turkana,Turkana South,Lobokat
629,23,Turkana,Turkana South,Kalapata
630,23,Turkana,Turkana South,Lokichar
631,23,Turkana,Turkana West,Kakuma
632,23,Turkana,Turkana West,Lopur
633,23,Turkana,Turkana West,Letea
634,23,Turkana,Turkana West,Songot
635,23,Turkana,Turkana West,Kalobeyei
636,23,Turkana,Turkana West,Lokichoggio
637,23,Turkana,Turkana West,Nanaam
638,23,Turkana,Loima,Kotaruk/Lobei
639,23,Turkana,Loima,Turkwel
640,23,Turkana,Loima,Loima
641,23,Turkana,Loima,Lokiriama/Loren Gippi
642,24,West pokot,Kapenguria,Riwo
643,24,West pokot,Kapenguria,Kapenguria
644,24,West pokot,Kapenguria,Mnagei
645,24,West pokot,Kapenguria,Siyoi
646,24,West pokot,Kapenguria,Endugh
647,24,West pokot,Kapenguria,Sook
648,24,West pokot,Sigor,Sekerr
649,24,West pokot,Sigor,Masool
650,24,West pokot,Sigor,Lomut
651,24,West pokot,Sigor,Weiwei
652,24,West pokot,Kacheliba,Suam
653,24,West pokot,Kacheliba,Kodich
654,24,West pokot,Kacheliba,Kasei
655,24,West pokot,Kacheliba,Kapchok
656,24,West pokot,Kacheliba,Kiwawa
657,24,West pokot,Kacheliba,Alale
658,24,West pokot,Pokot South,Chepareria
659,24,West pokot,Pokot South,Batei
660,24,West pokot,Pokot South,Lelan
661,24,West pokot,Pokot South,Tapach
662,25,Samburu,Samburu East,Waso
663,25,Samburu,Samburu East,Wamba West
664,25,Samburu,Samburu East,Wamba East
665,25,Samburu,Samburu East,Wamba North
666,25,Samburu,Samburu North,El-Barta
667,25,Samburu,Samburu North,Nachola
668,25,Samburu,Samburu North,Ndoto
669,25,Samburu,Samburu North,Nyiro
670,25,Samburu,Samburu North,Angata Nanyokie
671,25,Samburu,Samburu North,Baawa
672,25,Samburu,Samburu West,Lodokejek
673,25,Samburu,Samburu West,Suguta Marmar
674,25,Samburu,Samburu West,Maralal
675,25,Samburu,Samburu West,Loosuk
676,25,Samburu,Samburu West,Poro
677,26,Trans-Nzoia,Cherang’any,Sinyerere
678,26,Trans-Nzoia,Cherang’any,Makutano
679,26,Trans-Nzoia,Cherang’any,Kaplamai
680,26,Trans-Nzoia,Cherang’any,Motosiet
681,26,Trans-Nzoia,Cherang’any,Cherangany/Suwerwa
682,26,Trans-Nzoia,Cherang’any,Chepsiro/Kiptoror
683,26,Trans-Nzoia,Cherang’any,Sitatunga
684,26,Trans-Nzoia,Kwanza,Kapomboi
685,26,Trans-Nzoia,Kwanza,Kwanza
686,26,Trans-Nzoia,Kwanza,Keiyo
687,26,Trans-Nzoia,Kwanza,Bidii
688,26,Trans-Nzoia,Endebess,Chepchoina
689,26,Trans-Nzoia,Endebess,Endebess
690,26,Trans-Nzoia,Endebess,Matumbei
691,26,Trans-Nzoia,Saboti,Kinyoro
692,26,Trans-Nzoia,Saboti,Matisi
693,26,Trans-Nzoia,Saboti,Tuwani
694,26,Trans-Nzoia,Saboti,Saboti
695,26,Trans-Nzoia,Saboti,Machewa
696,26,Trans-Nzoia,Kiminini,Kiminini
697,26,Trans-Nzoia,Kiminini,Waitaluk
698,26,Trans-Nzoia,Kiminini,Sirende
699,26,Trans-Nzoia,Kiminini,Hospital
700,26,Trans-Nzoia,Kiminini,Sikhendu
701,26,Trans-Nzoia,Kiminini,Nabiswa
702,27,Uasin Gishu,Ainabkoi,Kapsoya
703,27,Uasin Gishu,Ainabkoi,Kaptagat
704,27,Uasin Gishu,Ainabkoi,Ainabkoi/Olare
705,27,Uasin Gishu,Kapseret,Simat/Kapseret
706,27,Uasin Gishu,Kapseret,Kipkenyo
707,27,Uasin Gishu,Kapseret,Ngeria
708,27,Uasin Gishu,Kapseret,Megun
709,27,Uasin Gishu,Kapseret,Langas
710,27,Uasin Gishu,Kesses,Racecourse
711,27,Uasin Gishu,Kesses,Cheptiret/Kipchamo
712,27,Uasin Gishu,Kesses,Tulwet/Chuiyat
713,27,Uasin Gishu,Kesses,Tarakwa
714,27,Uasin Gishu,Moiben,Tembelio
715,27,Uasin Gishu,Moiben,Sergoit
716,27,Uasin Gishu,Moiben,Karuna/Meibeki
717,27,Uasin Gishu,Moiben,Moiben
718,27,Uasin Gishu,Moiben,Kimumu
719,27,Uasin Gishu,Soy,Moi’s Bridge
720,27,Uasin Gishu,Soy,Kapkures
721,27,Uasin Gishu,Soy,Ziwa
722,27,Uasin Gishu,Soy,Segero/Barsombe
723,27,Uasin Gishu,Soy,Kipsom Ba
724,27,Uasin Gishu,Soy,Soy
725,27,Uasin Gishu,Soy,Kuinet/Kapsuswa
726,27,Uasin Gishu,Turbo,Ngenyilel
727,27,Uasin Gishu,Turbo,Tapsagoi
728,27,Uasin Gishu,Turbo,Kamagut
729,27,Uasin Gishu,Turbo,Kiplombe
730,27,Uasin Gishu,Turbo,Kapsaos
731,27,Uasin Gishu,Turbo,Huruma
732,28,Elgeyo-Marakwet,Keiyo North,Emsoo
733,28,Elgeyo-Marakwet,Keiyo North,Kamariny
734,28,Elgeyo-Marakwet,Keiyo North,Kapchemutwa
735,28,Elgeyo-Marakwet,Keiyo North,Tambach
736,28,Elgeyo-Marakwet,Keiyo South,Kaptarakwa
737,28,Elgeyo-Marakwet,Keiyo South,Chepkorio
738,28,Elgeyo-Marakwet,Keiyo South,Soy North
739,28,Elgeyo-Marakwet,Keiyo South,Soy South
740,28,Elgeyo-Marakwet,Keiyo South,Kabiemit
741,28,Elgeyo-Marakwet,Keiyo South,Metkei
742,28,Elgeyo-Marakwet,Marakwet East,Kapyego
743,28,Elgeyo-Marakwet,Marakwet East,Sambirir
744,28,Elgeyo-Marakwet,Marakwet East,Endo
745,28,Elgeyo-Marakwet,Marakwet East,Embobut / Embulot
746,28,Elgeyo-Marakwet,Marakwet West,Kapsowar
747,28,Elgeyo-Marakwet,Marakwet West,Lelan
748,28,Elgeyo-Marakwet,Marakwet West,Sengwer
749,28,Elgeyo-Marakwet,Marakwet West,Cherang’any/Chebororwa
750,28,Elgeyo-Marakwet,Marakwet West,Moiben/Kuserwo
751,28,Elgeyo-Marakwet,Marakwet West,Arror
752,29,Nandi,Aldai,Kabwareng
753,29,Nandi,Aldai,Terik
754,29,Nandi,Aldai,Kemeloi-Maraba
755,29,Nandi,Aldai,Kobujoi
756,29,Nandi,Aldai,Kaptumo-Kaboi
757,29,Nandi,Aldai,Koyo-Ndurio
758,29,Nandi,Chesumei,Chemundu/Kapng’etuny
759,29,Nandi,Chesumei,Kosirai
760,29,Nandi,Chesumei,Lelmokwo/Ngechek
761,29,Nandi,Chesumei,Kaptel/Kamoiywo
762,29,Nandi,Chesumei,Kiptuya
763,29,Nandi,Emgwen,Chepkumia
764,29,Nandi,Emgwen,Kapkangani
765,29,Nandi,Emgwen,Kapsabet
766,29,Nandi,Emgwen,Kilibwoni
767,29,Nandi,Mosop,Chepterwai
768,29,Nandi,Mosop,Kipkaren
769,29,Nandi,Mosop,Kurgung/ Surungai
770,29,Nandi,Mosop,Kabiyet
771,29,Nandi,Mosop,Ndalat
772,29,Nandi,Mosop,Kabisaga
773,29,Nandi,Mosop,Sangalo/Kebulonik
774,29,Nandi,Nandi Hills,Nandi Hills
775,29,Nandi,Nandi Hills,Chepkunyuk
776,29,Nandi,Nandi Hills,Ol’lessos
777,29,Nandi,Nandi Hills,Kapchorua
778,29,Nandi,Tinderet,Songhor/Soba
779,29,Nandi,Tinderet,Tindiret
780,29,Nandi,Tinderet,Chemelil/Chemase
781,29,Nandi,Tinderet,Kapsimotwo
782,30,Baringo,Baringo Central,Kabarnet
783,30,Baringo,Baringo Central,Sacho
784,30,Baringo,Baringo Central,Tenges
785,30,Baringo,Baringo Central,Ewalel/Chapcha
786,30,Baringo,Baringo Central,Kapropita
787,30,Baringo,Baringo North,Barwessa
788,30,Baringo,Baringo North,Kabartonjo
789,30,Baringo,Baringo North,Saimo/Kipsaraman
790,30,Baringo,Baringo North,Saimo/Soi
791,30,Baringo,Baringo North,Bartabwa
792,30,Baringo,Baringo South,Marigat
793,30,Baringo,Baringo South,Ilchamus
794,30,Baringo,Baringo South,Mochongoi
795,30,Baringo,Baringo South,Mukutani
796,30,Baringo,Eldama Ravine,Lembus
797,30,Baringo,Eldama Ravine,Lembus Kwen
798,30,Baringo,Eldama Ravine,Ravine
799,30,Baringo,Eldama Ravine,Mumberes/Maji Mazuri
800,30,Baringo,Eldama Ravine,Lembus /Pekerra
801,30,Baringo,Mogotio,Mogotio
802,30,Baringo,Mogotio,Emining
803,30,Baringo,Mogotio,Kisanana
804,30,Baringo,Tiaty,Tirioko
805,30,Baringo,Tiaty,Kolowa
806,30,Baringo,Tiaty,Ribkwo
807,30,Baringo,Tiaty,Silale
808,30,Baringo,Tiaty,Loiyamorock
809,30,Baringo,Tiaty,Tangulbei/Korossi
810,30,Baringo,Tiaty,Churo/Amaya
811,31,Laikipia,Laikipia North,Sosian
812,31,Laikipia,Laikipia North,Segera
813,31,Laikipia,Laikipia North,Mugogodo West
814,31,Laikipia,Laikipia North,Mugogodo East
815,31,Laikipia,Laikipia East,Ngobit
816,31,Laikipia,Laikipia East,Tigithi
817,31,Laikipia,Laikipia East,Thingithu
818,31,Laikipia,Laikipia East,Nanyuki
819,31,Laikipia,Laikipia East,Umande
820,31,Laikipia,Laikipia West,Ol-Moran
821,31,Laikipia,Laikipia West,Rumuruti
822,31,Laikipia,Laikipia West,Township
823,31,Laikipia,Laikipia West,Githiga
824,31,Laikipia,Laikipia West,Marmanet
825,31,Laikipia,Laikipia West,Igwamiti Salama
826,32,Nakuru,Nakuru Town East,Biashara
827,32,Nakuru,Nakuru Town East,Kivumbini
828,32,Nakuru,Nakuru Town East,Flamingo
829,32,Nakuru,Nakuru Town East,Menengai
830,32,Nakuru,Nakuru Town East,Nakuru East
831,32,Nakuru,Nakuru Town West,Barut
832,32,Nakuru,Nakuru Town West,London
833,32,Nakuru,Nakuru Town West,Kaptembwo
834,32,Nakuru,Nakuru Town West,Kapkures
835,32,Nakuru,Nakuru Town West,Rhoda
836,32,Nakuru,Nakuru Town West,Shaabab
837,32,Nakuru,Njoro,Mau Narok
838,32,Nakuru,Njoro,Mauche
839,32,Nakuru,Njoro,Kihingo
840,32,Nakuru,Njoro,Nessuit
841,32,Nakuru,Njoro,Lare
842,32,Nakuru,Njoro,Njoro
843,32,Nakuru,Molo,Mariashoni
844,32,Nakuru,Molo,Elburgon
845,32,Nakuru,Molo,Turi
846,32,Nakuru,Molo,Molo
847,32,Nakuru,Gilgil,Gilgil
848,32,Nakuru,Gilgil,Elementaita
849,32,Nakuru,Gilgil,Mbaruk/Eburu
850,32,Nakuru,Gilgil,Malewa West
851,32,Nakuru,Gilgil,Murindati
852,32,Nakuru,Naivasha,Biashara
853,32,Nakuru,Naivasha,Hells Gate
854,32,Nakuru,Naivasha,Lake View
855,32,Nakuru,Naivasha,Maiella
856,32,Nakuru,Naivasha,Mai Mahiu
857,32,Nakuru,Naivasha,Olkaria
858,32,Nakuru,Naivasha,Naivasha East
859,32,Nakuru,Naivasha,Viwandani
860,32,Nakuru,Kuresoi North,Kiptororo
861,32,Nakuru,Kuresoi North,Nyota
862,32,Nakuru,Kuresoi North,Sirikwa
863,32,Nakuru,Kuresoi North,Kamara
864,32,Nakuru,Kuresoi South,Amalo
865,32,Nakuru,Kuresoi South,Keringet
866,32,Nakuru,Kuresoi South,Kiptagich
867,32,Nakuru,Kuresoi South,Tinet
868,32,Nakuru,Bahati,Dundori
869,32,Nakuru,Bahati,Kabatini
870,32,Nakuru,Bahati,Kiamaina
871,32,Nakuru,Bahati,Lanet/Umoja
872,32,Nakuru,Bahati,Bahati
873,32,Nakuru,Rongai,Menengai West
874,32,Nakuru,Rongai,Soin
875,32,Nakuru,Rongai,Visoi
876,32,Nakuru,Rongai,Mosop
877,32,Nakuru,Rongai,Solai
878,32,Nakuru,Subukia,Subukia
879,32,Nakuru,Subukia,Waseges
880,32,Nakuru,Subukia,Kabazi
881,33,Narok,Narok North,Olpusimoru
882,33,Narok,Narok North,Olokurto
883,33,Narok,Narok North,Narok Town
884,33,Narok,Narok North,Nkareta’Olorropil
885,33,Narok,Narok North,Melili
886,33,Narok,Narok South,Majimoto/Naroos
887,33,Narok,Narok South,Uraololulung’a
888,33,Narok,Narok South,Melelo
889,33,Narok,Narok South,Loita
890,33,Narok,Narok South,Sogoo
891,33,Narok,Narok South,Sagamian
892,33,Narok,Narok East,Mosiro
893,33,Narok,Narok East,Ildamat
894,33,Narok,Narok East,Keekonyokie
895,33,Narok,Narok East,Suswa
896,33,Narok,Narok West,Ilmotiok
897,33,Narok,Narok West,Mara
898,33,Narok,Narok West,Siana
899,33,Narok,Narok West,Naikarra
900,33,Narok,Kilgoris,Kilgoris Central
901,33,Narok,Kilgoris,Keyian
902,33,Narok,Kilgoris,Angata Barikoi
903,33,Narok,Kilgoris,Shankoe
904,33,Narok,Kilgoris,Kimintet
905,33,Narok,Kilgoris,Lolgorian
906,33,Narok,Emurua Dikirr,Ilkerin
907,33,Narok,Emurua Dikirr,Ololmasani
908,33,Narok,Emurua Dikirr,Mogondo
909,33,Narok,Emurua Dikirr,Kapsasian
910,34,Kajiado,Kajiado Central,Purko
911,34,Kajiado,Kajiado Central,Ildamat
912,34,Kajiado,Kajiado Central,Dalalekutuk
913,34,Kajiado,Kajiado Central,Matapato North
914,34,Kajiado,Kajiado Central,Matapato South
915,34,Kajiado,Kajiado East,Kaputiei North
916,34,Kajiado,Kajiado East,Kitengela
917,34,Kajiado,Kajiado East,Oloosirkon/Sholinke
918,34,Kajiado,Kajiado East,Kenyawa-Poka
919,34,Kajiado,Kajiado East,Imaroro
920,34,Kajiado,Kajiado North,Olkeri
921,34,Kajiado,Kajiado North,Ongata Rongai
922,34,Kajiado,Kajiado North,Nkaimurunya
923,34,Kajiado,Kajiado North,Oloolua
924,34,Kajiado,Kajiado North,Ngong
925,34,Kajiado,Kajiado West,Keekonyokie
926,34,Kajiado,Kajiado West,Iloodokilani
927,34,Kajiado,Kajiado West,Magadi
928,34,Kajiado,Kajiado West,Ewuaso Oonkidong’i
929,34,Kajiado,Kajiado West,Mosiro
930,34,Kajiado,Kajiado South,Entonet/Lenkisi
931,34,Kajiado,Kajiado South,Mbirikani/Eselen
932,34,Kajiado,Kajiado South,Keikuku
933,34,Kajiado,Kajiado South,Rombo
934,34,Kajiado,Kajiado South,Kimana
935,35,Kericho,Ainamoi,Kapsoit
936,35,Kericho,Ainamoi,Ainamoi
937,35,Kericho,Ainamoi,Kipchebor
938,35,Kericho,Ainamoi,Kapkugerwet
939,35,Kericho,Ainamoi,Kipchimchim
940,35,Kericho,Ainamoi,Kapsaos
941,35,Kericho,Belgut,Waldai
942,35,Kericho,Belgut,Kabianga
943,35,Kericho,Belgut,Cheptororiet/Seretut
944,35,Kericho,Belgut,Chaik
945,35,Kericho,Belgut,Kapsuser
946,35,Kericho,Bureti,Kisiara
947,35,Kericho,Bureti,Tebesonik
948,35,Kericho,Bureti,Cheboin
949,35,Kericho,Bureti,Chemosot
950,35,Kericho,Bureti,Litein
951,35,Kericho,Bureti,Cheplanget
952,35,Kericho,Bureti,Kapkatet
953,35,Kericho,Kipkelion East,Londiani
954,35,Kericho,Kipkelion East,Kedowa/Kimugul
955,35,Kericho,Kipkelion East,Chepseon
956,35,Kericho,Kipkelion East,Tendeno/Sorget
957,35,Kericho,Kipkelion West,Kunyak
958,35,Kericho,Kipkelion West,Kamasian
959,35,Kericho,Kipkelion West,Kipkelion
960,35,Kericho,Kipkelion West,Chilchila
961,35,Kericho,Soin Sigowet,Sigowet
962,35,Kericho,Soin Sigowet,Kaplelartet
963,35,Kericho,Soin Sigowet,Soliat
964,35,Kericho,Soin Sigowet,Soin
965,36,Bomet,Sotik,Ndanai/Abosi
966,36,Bomet,Sotik,Chemagel
967,36,Bomet,Sotik,Kipsonoi
968,36,Bomet,Sotik,Apletundo
969,36,Bomet,Sotik,Rongena/Manare T
970,36,Bomet,Bomet Central,Silibwet Township
971,36,Bomet,Bomet Central,Ndaraweta
972,36,Bomet,Bomet Central,Singorwet
973,36,Bomet,Bomet Central,Chesoen
974,36,Bomet,Bomet Central,Mutarakwa
975,36,Bomet,Bomet East,Merigi
976,36,Bomet,Bomet East,Kembu
977,36,Bomet,Bomet East,Longisa
978,36,Bomet,Bomet East,Kipreres
979,36,Bomet,Bomet East,Chemaner
980,36,Bomet,Chepalungu,Kong’asis
981,36,Bomet,Chepalungu,Nyangores
982,36,Bomet,Chepalungu,Sigor
983,36,Bomet,Chepalungu,Chebunyo
984,36,Bomet,Chepalungu,Siongiroi
985,36,Bomet,Konoin,Chepchabas
986,36,Bomet,Konoin,Kimulot
987,36,Bomet,Konoin,Mogogosiek
988,36,Bomet,Konoin,Boito
989,36,Bomet,Konoin,Embomos
990,37,Kakamega,Butere,Marama West
991,37,Kakamega,Butere,Marama Central
992,37,Kakamega,Butere,Marenyo-Shianda
993,37,Kakamega,Butere,Maram North
994,37,Kakamega,Butere,Marama South
995,37,Kakamega,Ikolomani,Idakho South
996,37,Kakamega,Ikolomani,Idakho East
997,37,Kakamega,Ikolomani,Idakho North
998,37,Kakamega,Ikolomani,Idakho Central
999,37,Kakamega,Khwisero,Kisa North
1000,37,Kakamega,Khwisero,Kisa East
1001,37,Kakamega,Khwisero,Kisa West
1002,37,Kakamega,Khwisero,Kisa Central
1003,37,Kakamega,Lurambi,Butsotso East
1004,37,Kakamega,Lurambi,Butsotso South
1005,37,Kakamega,Lurambi,Butsotso Central
1006,37,Kakamega,Lurambi,Sheywe
1007,37,Kakamega,Lurambi,Mahiakalo
1008,37,Kakamega,Lurambi,Shirere
1009,37,Kakamega,Likuyani,Likuyani
1010,37,Kakamega,Likuyani,Sango
1011,37,Kakamega,Likuyani,Kongoni
1012,37,Kakamega,Likuyani,Nzoia
1013,37,Kakamega,Likuyani,Sinoko
1014,37,Kakamega,Malava,West Kabras
1015,37,Kakamega,Malava,Chemuche East
1016,37,Kakamega,Malava,Kabras
1017,37,Kakamega,Malava,Butali/Chegulo
1018,37,Kakamega,Malava,Manda-Shivanga
1019,37,Kakamega,Malava,Shirugu-Mugai
1020,37,Kakamega,Malava,South Kabras
1021,37,Kakamega,Matungu,Koyonzo
1022,37,Kakamega,Matungu,Kholera
1023,37,Kakamega,Matungu,Khalaba
1024,37,Kakamega,Matungu,Mayoni
1025,37,Kakamega,Matungu,Namamali
1026,37,Kakamega,Mumias East,Lusheya/Lubinu
1027,37,Kakamega,Mumias East,Malaha/Isongo/Makunga
1028,37,Kakamega,Mumias East,East Wanga
1029,37,Kakamega,Mumias West,Mumias Central
1030,37,Kakamega,Mumias West,Mumias North
1031,37,Kakamega,Mumias West,Etenje
1032,37,Kakamega,Mumias West,Musanda
1033,37,Kakamega,Navakholo,Ingostse-Mathia
1034,37,Kakamega,Navakholo,Shinoyi-Shikomari
1035,37,Kakamega,Navakholo,Esumeyia
1036,37,Kakamega,Navakholo,Bunyala West
1037,37,Kakamega,Navakholo,Bunyal East
1038,37,Kakamega,Navakholo,Bunyala Central
1039,37,Kakamega,Lugari,Mautuma
1040,37,Kakamega,Lugari,Lugari
1041,37,Kakamega,Lugari,Lumakanda
1042,37,Kakamega,Lugari,Chekalini
1043,37,Kakamega,Lugari,Chevaywa
1044,37,Kakamega,Lugari,Lawandeti
1045,37,Kakamega,Shinyalu,Mautuma
1046,37,Kakamega,Shinyalu,Lugari
1047,37,Kakamega,Shinyalu,Lumakanda
1048,37,Kakamega,Shinyalu,Chekalini
1049,37,Kakamega,Shinyalu,Chevaywa
1050,37,Kakamega,Shinyalu,Lawandeti
1051,38,Vihiga,Emuhaya,North East Bunyore
1052,38,Vihiga,Emuhaya,Central Bunyore
1053,38,Vihiga,Emuhaya,West Bunyore
1054,38,Vihiga,Hamisi,Shiru
1055,38,Vihiga,Hamisi,Gisambai
1056,38,Vihiga,Hamisi,Shamakhokho
1057,38,Vihiga,Hamisi,Banja
1058,38,Vihiga,Hamisi,Muhudi
1059,38,Vihiga,Hamisi,Tambaa
1060,38,Vihiga,Hamisi,Jepkoyai
1061,38,Vihiga,Sabatia,Lyaduywa/Izava
1062,38,Vihiga,Sabatia,West Sabatia
1063,38,Vihiga,Sabatia,Chavakali
1064,38,Vihiga,Sabatia,North Maragoli
1065,38,Vihiga,Sabatia,Wodanga
1066,38,Vihiga,Sabatia,Busali
1067,38,Vihiga,Vihiga,Lugaga-Wamuluma
1068,38,Vihiga,Vihiga,South Maragoli
1069,38,Vihiga,Vihiga,Central Maragoli
1070,38,Vihiga,Vihiga,Mungoma
1071,38,Vihiga,Luanda,Luanda Township
1072,38,Vihiga,Luanda,Wemilabi
1073,38,Vihiga,Luanda,Mwibona
1074,38,Vihiga,Luanda,Luanda South
1075,38,Vihiga,Luanda,Emabungo
1076,39,Bungoma,Bumula,Bumula
1077,39,Bungoma,Bumula,Khasoko
1078,39,Bungoma,Bumula,Kabula
1079,39,Bungoma,Bumula,Kimaeti
1080,39,Bungoma,Bumula,South Bukusu
1081,39,Bungoma,Bumula,Siboti
1082,39,Bungoma,Kanduyi,Bukembe West
1083,39,Bungoma,Kanduyi,Bukembe East
1084,39,Bungoma,Kanduyi,Township
1085,39,Bungoma,Kanduyi,Khalaba
1086,39,Bungoma,Kanduyi,Musikoma
1087,39,Bungoma,Kanduyi,East Snag’alo
1088,39,Bungoma,Kanduyi,Marakatu
1089,39,Bungoma,Kanduyi,Tuuti
1090,39,Bungoma,Kanduyi,West Sang’alo
1091,39,Bungoma,Webuye East,Mihuu
1092,39,Bungoma,Webuye East,Ndivisi
1093,39,Bungoma,Webuye East,Maraka
1094,39,Bungoma,Webuye West,Sitikho
1095,39,Bungoma,Webuye West,Matulo
1096,39,Bungoma,Webuye West,Bokoli
1097,39,Bungoma,Mt. Elgon,Cheptais
1098,39,Bungoma,Mt. Elgon,Chesikaki
1099,39,Bungoma,Mt. Elgon,Chepyuk
1100,39,Bungoma,Mt. Elgon,Kapkateny
1101,39,Bungoma,Mt. Elgon,Kaptama
1102,39,Bungoma,Mt. Elgon,Elgon
1103,39,Bungoma,Sirisia,Namwela
1104,39,Bungoma,Sirisia,Malakisi/South Kulisiru
1105,39,Bungoma,Sirisia,Lwandanyi
1106,39,Bungoma,Tongaren,Mbakalo
1107,39,Bungoma,Tongaren,Naitiri/Kabuyefwe
1108,39,Bungoma,Tongaren,Milima
1109,39,Bungoma,Tongaren,Ndalu/Tabani
1110,39,Bungoma,Tongaren,Tongaren
1111,39,Bungoma,Tongaren,Soysambu/Mitua
1112,39,Bungoma,Kabuchai,Kabuchai/Chwele
1113,39,Bungoma,Kabuchai,West Nalondo
1114,39,Bungoma,Kabuchai,Bwake/Luuya
1115,39,Bungoma,Kabuchai,Mukuyuni
1116,39,Bungoma,Kabuchai,South Bukusu
1117,39,Bungoma,Kimilili,Kibingei
1118,39,Bungoma,Kimilili,Kimilili
1119,39,Bungoma,Kimilili,Maeni
1120,39,Bungoma,Kimilili,Kamukuywa
1121,40,Busia,Teso North,MALABA CENTRAL
1122,40,Busia,Teso North,MALABA NORTH
1123,40,Busia,Teso North,ANG’URAI SOUTH
1124,40,Busia,Teso North,MALABA SOUTH
1125,40,Busia,Teso North,ANG’URAI NORTH
1126,40,Busia,Teso North,ANG’URAI EAST
1127,40,Busia,Teso South,ANG’OROM
1128,40,Busia,Teso South,CHAKOI SOUTH
1129,40,Busia,Teso South,AMUKURA CENTRAL
1130,40,Busia,Teso South,CHAKOI NORTH
1131,40,Busia,Teso South,AMUKURA EAST
1132,40,Busia,Teso South,AMUKURA WEST
1133,40,Busia,Nambale,NAMBALE TOWNSHIP
1134,40,Busia,Nambale,BUKHAYO NORTH/WALTSI
1135,40,Busia,Nambale,BUKHAYO EAST
1136,40,Busia,Nambale,BUKHAYO CENTRAL
1137,40,Busia,Matayos,BUKHAYO WEST
1138,40,Busia,Matayos,MAYENJE
1139,40,Busia,Matayos,MATAYOS SOUTHBUSIBWABO
1140,40,Busia,Matayos,BURUMBA
1141,40,Busia,Butula,MARACHI WESTKINGANDOLE
1142,40,Busia,Butula,MARACHI CENTRAL
1143,40,Busia,Butula,MARACHI EAST
1144,40,Busia,Butula,MARACHI NORTH
1145,40,Busia,Butula,ELUGULU
1146,40,Busia,Funyula,NAMBOBOTO NAMBUKU
1147,40,Busia,Funyula,NANGINA
1148,40,Busia,Funyula,AGENG’A NANGUBA
1149,40,Busia,Funyula,BWIRI
1150,41,Siaya,Alego Usonga,Usonga
1151,41,Siaya,Alego Usonga,West Alego
1152,41,Siaya,Alego Usonga,Central Alego
1153,41,Siaya,Alego Usonga,Siaya Township
1154,41,Siaya,Alego Usonga,North Alego
1155,41,Siaya,Alego Usonga,South East Alego
1156,41,Siaya,Gem,North Gem
1157,41,Siaya,Gem,West Gem
1158,41,Siaya,Gem,Central Gem
1159,41,Siaya,Gem,Yala Township
1160,41,Siaya,Gem,East Gem
1161,41,Siaya,Gem,South Gem
1162,41,Siaya,Bondo,West Yimbo
1163,41,Siaya,Bondo,Central Sakwa
1164,41,Siaya,Bondo,South Sakwa
1165,41,Siaya,Bondo,Yimbo East
1166,41,Siaya,Bondo,West Sakwa
1167,41,Siaya,Bondo,North Sakwa
1168,41,Siaya,Rarieda,Gem Rae
1169,41,Siaya,Rarieda,East Asembo
1170,41,Siaya,Rarieda,West Asembo
1171,41,Siaya,Rarieda,Central Asembo
1172,41,Siaya,Rarieda,South West Asembo
1173,41,Siaya,Rarieda,North West Asembo
1174,41,Siaya,Rarieda,North East Asembo
1175,41,Siaya,Rarieda,South East Asembo
1176,41,Siaya,Rarieda,Nyang’oma Kogelo
1177,41,Siaya,Rarieda,West Uyoma
1178,41,Siaya,Rarieda,Central Uyoma
1179,41,Siaya,Rarieda,North Uyoma
1180,41,Siaya,Ugenya,East Asembo
1181,41,Siaya,Ugenya,West Asembo
1182,41,Siaya,Ugenya,North Uyoma
1183,41,Siaya,Ugenya,South Uyoma
1184,41,Siaya,Ugenya,West Uyoma
1185,41,Siaya,Ugunja,Sidindi
1186,41,Siaya,Ugunja,Sigomere
1187,41,Siaya,Ugunja,Ugunja
1188,42,Kisumu,Kisumu Central,Railways
1189,42,Kisumu,Kisumu Central,Migosi
1190,42,Kisumu,Kisumu Central,Shaurimoyo Kaloleni
1191,42,Kisumu,Kisumu Central,Market Milimani
1192,42,Kisumu,Kisumu Central,Kondele
1193,42,Kisumu,Kisumu Central,Nyalenda B
1194,42,Kisumu,Kisumu East,Kajulu
1195,42,Kisumu,Kisumu East,Kolwa East
1196,42,Kisumu,Kisumu East,Manyatta ’B
1197,42,Kisumu,Kisumu East,Nyalenda ’A
1198,42,Kisumu,Kisumu East,Kolwa Central
1199,42,Kisumu,Kisumu West,South West Kisumu
1200,42,Kisumu,Kisumu West,Cetral Kisumu
1201,42,Kisumu,Kisumu West,Kisumu North
1202,42,Kisumu,Kisumu West,West Kisumu
1203,42,Kisumu,Kisumu West,North West Kisumu
1204,42,Kisumu,Seme,West Seme
1205,42,Kisumu,Seme,Central Seme
1206,42,Kisumu,Seme,East Seme
1207,42,Kisumu,Seme,North Seme
1208,42,Kisumu,Nyando,East Kano/Waidhi
1209,42,Kisumu,Nyando,Awasi/Onjiko
1210,42,Kisumu,Nyando,Ahero
1211,42,Kisumu,Nyando,Kabonyo/Kanyag Wal
1212,42,Kisumu,Nyando,Kobura
1213,42,Kisumu,Muhoroni,Miwani
1214,42,Kisumu,Muhoroni,Ombeyi
1215,42,Kisumu,Muhoroni,Masogo/Nyag’oma
1216,42,Kisumu,Muhoroni,Chemeli/Muhoroni/Koru
1217,42,Kisumu,Nyakach,South East Nyakach
1218,42,Kisumu,Nyakach,West Nyakach
1219,42,Kisumu,Nyakach,North Nyakach
1220,42,Kisumu,Nyakach,Central Nyakach
1221,42,Kisumu,Nyakach,South West Nyakach
1222,43,Homa Bay,Homa Bay Town,Homa Bay Central
1223,43,Homa Bay,Homa Bay Town,Homa Bay Arujo
1224,43,Homa Bay,Homa Bay Town,Homa Bay West
1225,43,Homa Bay,Homa Bay Town,Homa Bay East
1226,43,Homa Bay,Kabondo Kasipul,Kabondo East
1227,43,Homa Bay,Kabondo Kasipul,Kabondo West
1228,43,Homa Bay,Kabondo Kasipul,Kokwanyo
1229,43,Homa Bay,Kabondo Kasipul,Kakelo-Kojwach
1230,43,Homa Bay,Karachuonyo,West Karachuonyo
1231,43,Homa Bay,Karachuonyo,North Karachuonyo
1232,43,Homa Bay,Karachuonyo,Central Kanyaluo
1233,43,Homa Bay,Karachuonyo,Kibiri
1234,43,Homa Bay,Karachuonyo,Wangchieng
1235,43,Homa Bay,Karachuonyo,Kendu Bay Town
1236,43,Homa Bay,Kasipul,West Kasipul
1237,43,Homa Bay,Kasipul,South Kasipul
1238,43,Homa Bay,Kasipul,Central Kasipul
1239,43,Homa Bay,Kasipul,East Kamagak
1240,43,Homa Bay,Kasipul,West Kamagak
1241,43,Homa Bay,Ndhiwa,Kwabwai
1242,43,Homa Bay,Ndhiwa,Kanyadoto
1243,43,Homa Bay,Ndhiwa,Kanyikela
1244,43,Homa Bay,Ndhiwa,Kabuoch North
1245,43,Homa Bay,Ndhiwa,Kabuoch South/Pala
1246,43,Homa Bay,Ndhiwa,Kanyamwa Kologi
1247,43,Homa Bay,Ndhiwa,Kanyamwa Kosewe
1248,43,Homa Bay,Rangwe,West Gem
1249,43,Homa Bay,Rangwe,East Gem
1250,43,Homa Bay,Rangwe,Kagan
1251,43,Homa Bay,Rangwe,Kochia
1252,43,Homa Bay,Suba North,Mfangano Island
1253,43,Homa Bay,Suba North,Rusinga Island
1254,43,Homa Bay,Suba North,Kasgunga
1255,43,Homa Bay,Suba North,Gember
1256,43,Homa Bay,Suba North,Lambwe
1257,43,Homa Bay,Suba South,Gwassi South
1258,43,Homa Bay,Suba South,Gwassi North
1259,43,Homa Bay,Suba South,Kaksingri West
1260,43,Homa Bay,Suba South,Ruma-Kakshingri
1261,44,Migori,Rongo,North Kamagambo
1262,44,Migori,Rongo,Central Kamagambo
1263,44,Migori,Rongo,East Kamagambo
1264,44,Migori,Rongo,South Kamagambo
1265,44,Migori,Awendo,North East Sakwa
1266,44,Migori,Awendo,South Sakwa
1267,44,Migori,Awendo,West Sakwa
1268,44,Migori,Awendo,Central Sakwa
1269,44,Migori,Suna East,God Jope
1270,44,Migori,Suna East,Suna Central
1271,44,Migori,Suna East,Kakrao
1272,44,Migori,Suna East,Kwa
1273,44,Migori,Suna West,Wiga
1274,44,Migori,Suna West,Wasweta II
1275,44,Migori,Suna West,Ragan-Oruba
1276,44,Migori,Suna West,Wasimbete
1277,44,Migori,Uriri,West Kanyamkago
1278,44,Migori,Uriri,North Kanyamkago
1279,44,Migori,Uriri,Central Kanyam Kago
1280,44,Migori,Uriri,South Kanyamkago
1281,44,Migori,Uriri,East Kanyamkago
1282,44,Migori,Nyatike,Kachien’g
1283,44,Migori,Nyatike,Kanyasa
1284,44,Migori,Nyatike,North Kadem
1285,44,Migori,Nyatike,Macalder/ Kanyarwanda
1286,44,Migori,Nyatike,Kaler
1287,44,Migori,Nyatike,Got Kachola
1288,44,Migori,Nyatike,Muhuru
1289,44,Migori,Kuria East,Gokeharaka/Getamwega
1290,44,Migori,Kuria East,Ntimaru West
1291,44,Migori,Kuria East,Ntimaru East
1292,44,Migori,Kuria East,Nyabasi East
1293,44,Migori,Kuria East,Nyabasi West
1294,44,Migori,Kuria West,Bukira East
1295,44,Migori,Kuria West,Bukira Central/ Ikerege
1296,44,Migori,Kuria West,Isibania
1297,44,Migori,Kuria West,Makerero
1298,44,Migori,Kuria West,Masaba
1299,44,Migori,Kuria West,Tagare
1300,44,Migori,Kuria West,Nyamosense/Ko Mosoko
1301,45,Kisii,Kitutu Chache North,MONYERERO
1302,45,Kisii,Kitutu Chache North,SENSI
1303,45,Kisii,Kitutu Chache North,MARANI
1304,45,Kisii,Kitutu Chache North,MWAMONARI
1305,45,Kisii,Kitutu Chache South,BOGUSERO
1306,45,Kisii,Kitutu Chache South,BOGEKA
1307,45,Kisii,Kitutu Chache South,NYAKOE
1308,45,Kisii,Kitutu Chache South,KITUTU CENTRAL
1309,45,Kisii,Kitutu Chache South,NYATIEKO
1310,45,Kisii,Nyaribari Masaba,ICHUNI
1311,45,Kisii,Nyaribari Masaba,NYAMASIBI
1312,45,Kisii,Nyaribari Masaba,MASIMBA
1313,45,Kisii,Nyaribari Masaba,GESUSU
1314,45,Kisii,Nyaribari Masaba,KIAMOKAMA
1315,45,Kisii,Nyaribari Chache,BOBARACHO
1316,45,Kisii,Nyaribari Chache,KISII CENTRAL
1317,45,Kisii,Nyaribari Chache,KEUMBU
1318,45,Kisii,Nyaribari Chache,KIOGORO
1319,45,Kisii,Nyaribari Chache,BIRONGO
1320,45,Kisii,Nyaribari Chache,IBENO
1321,45,Kisii,Bomachoge Borabu,BORABU MASABA
1322,45,Kisii,Bomachoge Borabu,BOOCHI BORABU
1323,45,Kisii,Bomachoge Borabu,BOKIMONGE
1324,45,Kisii,Bomachoge Borabu,MAGENCHE
1325,45,Kisii,Bomachoge Chache,MAJOGE BASI
1326,45,Kisii,Bomachoge Chache,BOOCHI/TENDERE
1327,45,Kisii,Bomachoge Chache,BOSOTI/SENGERA
1328,45,Kisii,Bobasi,MASIGE WEST
1329,45,Kisii,Bobasi,MASIG EAST
1330,45,Kisii,Bobasi,BASI CENTRAL
1331,45,Kisii,Bobasi,NYACHEKI
1332,45,Kisii,Bobasi,BASSI BOGETAORIO
1333,45,Kisii,Bobasi,BOBASI CHACHE
1334,45,Kisii,Bobasi,SAMETA/ MOKWERERO
1335,45,Kisii,Bobasi,BOBASI/ BOITANGARE
1336,45,Kisii,South Mugirango,BOGETENGA
1337,45,Kisii,South Mugirango,BORABU/CHITAGO
1338,45,Kisii,South Mugirango,MOTICHO
1339,45,Kisii,South Mugirango,GETENGA
1340,45,Kisii,South Mugirango,TABAKA
1341,45,Kisii,South Mugirango,BOIKANGA
1342,45,Kisii,Bonchari,BOMARIBA
1343,45,Kisii,Bonchari,BOGIAKUMU
1344,45,Kisii,Bonchari,BOKEIRA
1345,45,Kisii,Bonchari,RIANA
1346,46,Nyamira,Borabu,Mekenene
1347,46,Nyamira,Borabu,Kiabonyoru
1348,46,Nyamira,Borabu,Esise
1349,46,Nyamira,Borabu,Nyansiongo
1350,46,Nyamira,Kitutu Masaba,Rigoma
1351,46,Nyamira,Kitutu Masaba,Gachuba
1352,46,Nyamira,Kitutu Masaba,Kemera
1353,46,Nyamira,Kitutu Masaba,Magombo
1354,46,Nyamira,Kitutu Masaba,Manga
1355,46,Nyamira,Kitutu Masaba,Gesima
1356,46,Nyamira,West Mugirango,Nyamaiya
1357,46,Nyamira,West Mugirango,Bogichora
1358,46,Nyamira,West Mugirango,Bosamaro
1359,46,Nyamira,West Mugirango,Bonyamatuta
1360,46,Nyamira,West Mugirango,Township
1361,46,Nyamira,North Mugirango,Itibo
1362,46,Nyamira,North Mugirango,Bomwagamo
1363,46,Nyamira,North Mugirango,Bokeira
1364,46,Nyamira,North Mugirango,Magwagwa
1365,46,Nyamira,North Mugirango,Ekerenyo
1366,47,Nairobi,Westlands,Kitisuru
1367,47,Nairobi,Westlands,Parklands/Highridge
1368,47,Nairobi,Westlands,Karura
1369,47,Nairobi,Westlands,Kangemi
1370,47,Nairobi,Westlands,Mountain View
1371,47,Nairobi,Dagoretti North,Kilimani
1372,47,Nairobi,Dagoretti North,Kawangware
1373,47,Nairobi,Dagoretti North,Gatina
1374,47,Nairobi,Dagoretti North,Kileleshwa
1375,47,Nairobi,Dagoretti North,Kabiro
1376,47,Nairobi,Dagoretti South,Mutu-Ini
1377,47,Nairobi,Dagoretti South,Ngando
1378,47,Nairobi,Dagoretti South,Riruta
1379,47,Nairobi,Dagoretti South,Uthiru/Ruthimitu
1380,47,Nairobi,Dagoretti South,Waithaka
1381,47,Nairobi,Lang’ata,Karen
1382,47,Nairobi,Lang’ata,Nairobi West
1383,47,Nairobi,Lang’ata,Mugumu-Ini
1384,47,Nairobi,Lang’ata,South C
1385,47,Nairobi,Lang’ata,Nyayo Highrise
1386,47,Nairobi,Kibra,Woodley/Kenyatta Golf Course
1387,47,Nairobi,Kibra,Sarang’ombe
1388,47,Nairobi,Kibra,Makina
1389,47,Nairobi,Kibra,Lindi
1390,47,Nairobi,Kibra,Laini Saba
1391,47,Nairobi,Roysambu,Kahawa West
1392,47,Nairobi,Roysambu,Roysambu
1393,47,Nairobi,Roysambu,Githurai
1394,47,Nairobi,Roysambu,Kahawa
1395,47,Nairobi,Roysambu,Zimmerman
1396,47,Nairobi,Kasarani,Kasarani
1397,47,Nairobi,Kasarani,Njiru
1398,47,Nairobi,Kasarani,Clay City
1399,47,Nairobi,Kasarani,Mwiki
1400,47,Nairobi,Kasarani,Ruai
1401,47,Nairobi,Ruaraka,Utalii
1402,47,Nairobi,Ruaraka,Korogocho
1403,47,Nairobi,Ruaraka,Lucky Summer
1404,47,Nairobi,Ruaraka,Mathare North
1405,47,Nairobi,Ruaraka,Baba Dogo
1406,47,Nairobi,Embakasi South,Kwa Njenga
1407,47,Nairobi,Embakasi South,Imara Daima
1408,47,Nairobi,Embakasi South,Kware
1409,47,Nairobi,Embakasi South,Kwa Reuben
1410,47,Nairobi,Embakasi South,Pipeline
1411,47,Nairobi,Embakasi North,Dandora Area I
1412,47,Nairobi,Embakasi North,Dandora Area II
1413,47,Nairobi,Embakasi North,Dandora Area III
1414,47,Nairobi,Embakasi North,Dandora Area IV
1415,47,Nairobi,Embakasi North,Kariobangi North
1416,47,Nairobi,Embakasi Central,Kayole North
1417,47,Nairobi,Embakasi Central,Kayole Central
1418,47,Nairobi,Embakasi Central,Kariobangi South
1419,47,Nairobi,Embakasi Central,Komarock
1420,47,Nairobi,Embakasi Central,Matopeni / Spring Valley
1421,47,Nairobi,Embakasi East,Utawala
1422,47,Nairobi,Embakasi East,Upper Savanna
1423,47,Nairobi,Embakasi East,Lower Savanna
1424,47,Nairobi,Embakasi East,Embakasi
1425,47,Nairobi,Embakasi East,Mihango
1426,47,Nairobi,Embakasi West,Umoja 1
1427,47,Nairobi,Embakasi West,Umoja 2
1428,47,Nairobi,Embakasi West,Mowlem
1429,47,Nairobi,Embakasi West,Kariobangi south
1430,47,Nairobi,Embakasi West,Maringo/ Hamza
1431,47,Nairobi,Makadara,Viwandani
1432,47,Nairobi,Makadara,Harambee
1433,47,Nairobi,Makadara,Makongeni
1434,47,Nairobi,Makadara,Pumwani
1435,47,Nairobi,Makadara,Eastleigh North
1436,47,Nairobi,Kamukunji,Eastleigh South
1437,47,Nairobi,Kamukunji,Nairobi Central
1438,47,Nairobi,Kamukunji,Airbase
1439,47,Nairobi,Kamukunji,California
1440,47,Nairobi,Kamukunji,Mgara
1441,47,Nairobi,Starehe,Nairobi South
1442,47,Nairobi,Starehe,Hospital
1443,47,Nairobi,Starehe,Ngara
1444,47,Nairobi,Starehe,Pangani
1445,47,Nairobi,Starehe,Landimawe
1446,47,Nairobi,Starehe,Ziwani / Kariokor
1447,47,Nairobi,Mathare,Mlango Kubwa
1448,47,Nairobi,Mathare,Kiamaiko
1449,47,Nairobi,Mathare,Ngei
1450,47,Nairobi,Mathare,Huruma
1451,47,Nairobi,Mathare,Mabatini